MakeModel,YearOfManufacture,Mileage,PrestigeRating,FuelEfficiency,SalePrice
Chevrolet Impala,2014,94307,7,48,22120.79
Toyota Highlander,2015,138829,2,45,16835.13
Audi A4,2003,20118,1,32,NA
Toyota RAV4,2010,118584,8,54,25042.48
"Ford Ex""plorer",2016,97745,1,46,17717.65
Tesla Model S,2022,57355,5,43,22979.35
BMW X5,2002,32354,7,NA,22479.379999999997
Audi Q5,2011,92194,2,31,15134.18
Tesla Model !X,2010,65807,6,52,21825.79
Chevrolet Corvette,2010,23367,8,29,21148.989999999998
Audi A6,2008,19207,10,35,23173.79
Toyota RAV4,2019,9213,3,27,19773.61
Audi Q5,2013,84312,5,41,19620.64
Honda Fit,2024,17718,9,52,29018.46
Honda Odyssey,2007,111132,8,37,18966.04
Honda Ridgeline,2008,33953,5,24,17331.41
Ford Fusion,2017,9970,NA,59,26300.9
Audi A4,2017,NA,7,30,20751.53
Honda Ridgeline,2003,85027,NA,49,15299.19
Audi TT,2003,40638,1,55,17530.86
Honda HR-V,2015,127744,10,52,24217.68
Audi TT,2022,NA,9,43,26700.55
Ford Taurus,2024,58052,8,23,22708.440000000002
Honda Insight,2008,76664,10,33,21150.08
Chevrolet Equinox,2007,129676,3,50,16609.72
Ford Ranger,2005,141168,2,44,14114.96
Honda Odyssey,2004,89575,3,36,14962.75
Ford Edge,2015,12762,7,59,26467.14
Tesla Model S,2020,48969,6,42,23330.93
Ford Taurus,2015,51617,2,53,20651.489999999998
Toyota 4Runner,2017,53411,7,25,20647.67
Chevrolet Camaro,2011,137677,1,37,13919.69
Toyota RAV4,2013,99427,10,28,23967.190000000002
Toyota Sienna,2019,106238,8,50,24062.86
Tesla Model X,2004,145344,6,24,13739.68
Chevrolet Suburban,2002,63953,10,57,23631.41
Audi A8,2013,56416,6,38,20757.52
Toyota Prius,2018,77795,2,34,17766.15
Toyota Highlander,2002,49194,10,47,25574.18
Chevrolet Volt,2005,107674,3,44,15869.78
Tesla Model S,2020,89256,2,19,15672.32
Tesla Roadster,2014,145162,3,30,14895.14
Ford Edge,2019,21575,7,48,25552.75
Ford Taurus,2016,64135,6,37,21125.95
Tesla Model 3,2014,52086,5,34,NA
Ford Fiesta,2015,NA,1,56,17987.28
Honda CR-V,2024,7910,9,46,28412.7
Honda Ridgeline,2019,30524,4,19,18684.28
Mercedes-Benz S-Class,2013,111215,5,26,16563.55
Audi A8,2019,50511,2,44,20334.67
Ford Edge,2008,126301,2,NA,10960.970000000001
Audi A8,2005,23100,2,26,14957
Honda Ridgeline,2005,66800,1,22,12296
Chevrolet Volt,2004,103199,7,24,15754.03
Chevrolet Tahoe,2012,57542,9,24,20623.739999999998
Honda Fit,2020,35154,7,21,21345.38
Chevrolet Silverado,2017,121890,1,35,15593.3
Honda Insi%ght,2016,NA,7,24,20416.059999999998
Ford Fusion,2012,70766,9,44,23227.02
Ford Ranger,2007,5987,3,29,17170.39
Toyota Prius,2006,53844,NA,20,15634.68
Toyota Corolla,2003,91831,1,19,13595.07
Toyota Yaris,2023,20961,2,39,21471.17
Chevrolet Malibu,2018,37589,2,33,18822.33
Audi TT,2006,46517,3,21,14504.49
Honda Ridgeline,2020,12805,6,58,26815.85
Honda Fit,2016,7676,5,18,19219.72
Chevrolet Tahoe,2020,6517,7,52,NA
Honda Civic,2004,117019,7,51,19389.43
Toyota Highlander,2023,64569,5,30,21062.93
Tesla Model 3,2016,25203,2,55,21993.91
Tesla Semi,2004,50548,5,32,17033.559999999998
Honda Odyssey,2003,64936,8,18,16501.92
Mercedes-Benz S-Class,2006,55932,5,NA,21422.04
Chevrolet Impala,2006,83160,9,30,19255.2
Toyota Tacoma,2008,53302,10,59,28750.940000000002
Aud^i A6,2003,101296,4,49,17061.12
Honda Passport,2017,54418,9,46,NA
Ford Escape,2009,83855,10,20,19234.35
Tesla Model X,2024,142203,9,31,22133.91
Ford Ranger,2024,147001,2,45,18839.97
Honda Accord,2022,72900,6,37,22363
Honda Accord,2019,139063,3,20,14828.11
Chevrolet Suburban,2020,NA,6,44,24395.39
Chevrolet Impala,2010,7099,1,24,15637.03
BMW 3 Series,2020,34823,7,34,23305.309999999998
Toyota Sienna,2015,62785,3,35,18366.45
Audi Q5,2020,120815,1,54,19225.55
BMW X5,2006,144844,2,54,15754.68
BMW 5 Series,2014,135339,1,17,11739.83
Chevrolet Silverado,2017,79523,4,56,22264.309999999998
Ford F-150,2008,58343,10,40,22749.71
Toyota Corolla,2009,84025,2,19,16079.25
Ford Fusion,2017,82562,8,38,22473.14
Audi Q5,2016,118684,4,29,16789.48
Audi A4,2021,61932,5,29,20492.04
Honda Fit,2004,148579,6,16,12442.630000000001
Audi A6,2024,124092,5,19,17877.239999999998
Honda Accord,2018,139980,NA,31,16950.6
Honda Fit,2008,121442,5,20,14106.74
Chevrolet Volt,2014,62054,7,43,22338.38
Tesla Cybertruck,2004,51144,7,44,20315.68
Honda Fit,2023,34708,10,19,24058.760000000002
Honda CR-V,2014,30456,10,42,25386.32
Chevrolet Equinox,2015,131962,10,18,18991.14
Chevrolet Traverse,2005,141788,2,28,11696.36
BMW 3 Series,2022,32583,2,29,19372.510000000002
Honda Passport,2017,118780,10,26,21086.6
Toyota Prius,2010,48578,2,35,19792.66
Chevrolet Impala,2017,37408,5,20,18877.760000000002
Audi TT,2010,125499,1,52,16285.03
"Tesla Cyb""ertruck",2006,32987,6,30,18510.39
Honda Passport,2023,108931,6,39,21832.07
Chevrolet Equinox,2023,101314,10,43,25660.58
Toyota RAV4,2015,107586,8,48,22722.42
Honda Insight,2013,66780,7,41,21646.6
Chevrolet Volt,2023,118401,2,24,16297.970000000001
Ford Edge,2015,9000,5,42,22530
Ford Explorer,2014,34835,1,36,17604.95
Honda CR-V,2021,14838,1,54,22654.86
Audi Q5,2016,124830,2,51,18405.1
Mercedes-Benz C-Class,2009,NA,3,17,12322.380000000001
Toyota Highlander,2014,142430,6,57,21277.1
Honda Civic,2024,48539,2,18,17743.83
Chevrolet Corvette,2008,NA,10,21,17279.6
Ford Ranger,2006,38774,10,28,21036.78
Audi A4,2009,13180,9,24,21204.6
Ford Fiesta,2016,109470,1,34,15565.9
BMW X5,2015,31576,7,49,24402.72
Tesla Model S,2017,88083,1,42,17657.510000000002
Tesla Model Y,2002,8701,1,41,16138.97
Chevrolet Silverado,2024,108682,8,29,NA
Ford Fiesta,2015,36635,7,18,19600.95
Honda Accord,2024,18443,8,16,22846.71
Toyota Prius,2022,123151,4,36,19205.47
Toyota Avalon,2018,114454,3,60,21316.38
Tesla Cybertruck,2008,19024,3,47,19729.28
Toyota Sienna,2008,45052,7,51,NA
Tesla Cybertruck,2014,NA,8,15,18043.4
Audi Q5,2016,6047,10,16,22718.59
Chevrolet Equinox,2013,106600,7,57,22852
Chevrolet Traverse,2015,91881,7,46,22143.57
Tesla Cybertruck,2020,108748,9,50,NA
Audi A4,2020,68945,NA,57,26481.65
Honda Passport,2018,136875,2,59,19743.75
Toyota Highlander,2010,122902,5,52,22362.940000000002
Honda Pilot,2014,119311,6,19,16270.67
BMW 5 Series,2015,91829,10,30,21995.13
Honda CR-V,2024,97867,1,28,17013.989999999998
Tesla Model X,2007,127797,6,17,13966.09
Ford Edge,2002,124059,NA,33,NA
Honda Insight,2017,NA,4,28,20192.45
Toyota Highlander,2009,37615,5,16,19271.55
Honda CR-V,2006,58462,4,55,19996.14
Honda Odyssey,2011,60636,4,28,17130.92
Chevrolet Tahoe,2010,105787,8,44,20926.39
Tesla Cybertruck,2006,89670,10,34,NA
Chevrolet Volt,2015,94640,1,19,13510.8
Ford Edge,2020,133003,5,17,16309.91
Honda Ridgeline,2002,123183,1,18,9254.51
Tesla Model S,2017,71721,NA,32,22648.37
Ford Fusion,2007,90589,2,20,12532.33
Ford Escape,2021,142506,6,15,16724.82
Toyota Tacoma,2009,NA,4,34,18528.9
Honda Pilot,2015,33487,5,19,18345.39
Chevrolet Volt,2015,27815,1,29,17015.55
Honda Civic,2009,NA,2,23,14343.75
Audi Q7,2012,148169,8,46,20454.93
Toyota Camry,2024,12185,3,50,24384.45
Chevrolet Camaro,2021,91322,9,34,23360.34
Tesla Model Y,2006,132599,4,46,16422.03
Tesla Cybertruck,2015,72499,7,54,23925.03
Mercedes-Benz S-Class,2002,143926,NA,60,15682.220000000001
Toyota 4Runner,2002,98618,10,55,25291.46
Honda Fit,2006,119035,6,55,19678.95
Chevrolet Suburban,2004,NA,1,41,14663.89
Audi Q5,2005,83921,5,39,17332.37
Honda Odyssey,2004,104206,8,29,17223.82
Ford Taurus,2015,60502,6,35,20684.940000000002
Ford Edge,2019,37910,1,49,20712.7
Chevrolet Silverado,2011,51896,1,45,17693.120000000003
BMW 3 Series,2013,8220,5,28,19953.4
Toyota Corolla,2017,87083,4,17,16187.51
Toyota 4Runner,2004,91965,NA,49,23591.05
Audi R8,2013,126355,5,40,18209.35
Audi A6,2006,60578,4,20,14682.66
Tesla Semi,2014,132511,3,45,17524.67
Chevrolet Suburban,2009,125871,NA,19,11073.87
Ford F-150,2018,36828,3,28,18845.16
Ford Focus,2006,87069,9,39,20487.93
Chevrolet Traverse,2020,124412,7,49,22867.64
Honda Passport,2007,58090,2,45,17257.3
Honda Passport,2003,25003,6,33,NA
Audi A6,2018,25922,2,45,20972.34
Honda Fit,2024,129279,1,56,20271.63
Toyota Tacoma,2018,84254,9,33,22672.38
Honda Pilot,2009,149632,7,39,17861.04
Audi Q5,2020,70988,9,59,27470.36
Toyota Camry,2019,10874,7,37,24223.78
BMW 3 Seri£es,2020,123709,6,44,21388.73
Toyota Avalon,2006,138689,4,39,18189.33
Chevrolet Traverse,2015,142978,3,20,13710.66
Ford Explorer,2013,95611,8,30,19881.67
Honda Insight,2002,105582,8,37,17882.54
Chevrolet Camaro,2017,98300,1,21,14201
Audi A6,2019,25922,1,23,17172.34
Tesla Model Y,2021,136147,9,28,21115.59
Honda Accord,2008,68515,1,47,NA
BMW 5 Series,2006,133667,10,NA,19089.989999999998
Tesla Model S,2011,79411,8,17,17917.67
Mercedes-Benz E-Class,2005,125647,6,54,19080.59
Toyota Avalon,2009,144494,9,16,19065.18
Toyota Camry,2018,93028,7,50,23459.16
Audi TT,2006,28081,8,35,20907.57
Audi Q7,2008,110006,2,36,14599.82
Ford Ranger,2023,144486,9,58,25865.42
Tesla Cybertruck,2013,40565,6,31,20183.05
Honda Civic,2014,140321,8,38,19990.37
Tesla Roadster,2011,48760,7,43,21987.2
Ford Mustang,2002,146636,9,33,16800.92
Tesla Model X,2016,36388,8,NA,24358.36
Toyota Corolla,2015,31159,4,59,NA
Tesla Cybertruck,2008,32044,2,39,17388.68
Ford Escape,2003,101735,5,48,17647.95
Audi TT,2011,NA,9,47,21526.55
Ford Ranger,2022,123544,7,19,18893.68
Tesla Model Y,2016,147881,2,31,NA
Chevrolet Volt,2020,11984,9,40,26390.48
Mercedes-Benz C-Class,2019,130045,1,20,13598.65
Chevrolet Camaro,2015,45312,2,56,21290.64
Tesla Roadster,2023,58161,3,28,19455.17
Toyota RAV4,2019,13599,10,52,28642.03
Audi A8,2020,114947,7,24,19401.59
Toyota Tacoma,2004,66358,2,35,17759.260000000002
Honda CR-V,2012,87302,4,53,20330.940000000002
Chevrolet Malibu,2021,51865,10,25,23944.05
Chev^rolet Traverse,2006,NA,9,24,18454.41
Chevrolet Traverse,2015,8221,3,58,NA
Ford Fiesta,2019,36634,8,60,27650.98
Honda Fit,2010,NA,7,21,17563.87
Ford Ranger,2002,103023,9,17,15709.31
Toyota Yaris,2008,68818,6,29,20785.46
Audi A8,2016,115451,2,57,19586.47
Ford Taurus,2018,65469,7,36,22185.93
Ford Edge,2007,116776,6,48,18946.72
Ford Edge,2014,NA,3,45,20393.3
Mercedes-Benz C-Class,2002,99402,2,NA,14767.94
Mercedes-Benz S-Class,2007,109938,6,57,20501.86
Ford Fiesta,2009,25131,1,25,14996.07
Honda Pilot,2011,110454,NA,25,15936.380000000001
Audi Q5,2003,147595,7,41,16722.15
Honda CR-V,2022,108502,9,50,25494.940000000002
Honda Odyssey,2019,127278,4,17,15481.66
Tesla Model X,2006,116063,10,56,22918.11
Chevrolet Malibu,2004,14022,1,28,14529.34
Audi TT,2007,118473,8,48,20395.809999999998
Honda Insight,2023,NA,6,27,20903.27
Au$di A4,2012,132225,9,29,19133.25
Ford Fiesta,2010,14855,1,NA,18554.35
Audi A8,2023,42050,8,17,22038.5
Audi Q5,2021,106477,3,44,19905.690000000002
Toyota Corolla,2016,49146,10,33,23975.620000000003
Tesla Model X,2019,NA,5,57,23636.59
Toyota Camry,2008,101806,10,NA,21595.82
Hond$a Fit,2010,111516,1,41,15054.52
Audi A$6,2015,47507,1,48,19274.79
Honda Odyssey,2012,10248,5,45,22192.559999999998
Ford Edge,2021,110779,10,30,22926.63
Honda Fit,2018,94435,10,50,25666.95
Honda CR-V,2013,32084,7,47,23587.48
Honda Odyssey,2013,127103,9,26,19086.91
Chevrolet Volt,2020,114268,4,32,18371.96
Toyota Avalon,2014,12033,NA,21,17539.010000000002
Honda Pilot,2013,131666,4,38,17000.02
Audi TT,2007,41917,1,15,12492.49
Ford Taurus,2004,17839,7,36,20114.83
Tesla Model 3,2013,10454,NA,20,20936.379999999997
Chevrolet Corvette,2013,7179,9,59,27634.629999999997
Honda CR-V,2012,79424,NA,39,20717.28
Toyota RAV4,2020,102223,3,33,18133.309999999998
Tes$la Cybertruck,2012,122710,7,27,17618.7
Ford Escape,2005,NA,5,20,14825.06
Honda Ridgeline,2023,144359,5,58,22869.23
Ford Focus,2012,49672,4,26,17409.84
Honda Odyssey,2003,100039,4,16,12148.83
Tesla Model S,2008,27905,6,51,22312.85
BMW 5 %Series,2007,81316,10,26,19710.52
Mercedes-Benz C-Class,2008,112013,2,26,13039.61
Toyota Sienna,2005,5280,8,53,27041.6
Hond$a Insight,2024,65895,10,53,28473.15
Honda Odyssey,2017,135318,6,45,20440.46
Honda Ridgeline,2005,121437,5,55,18606.89
Honda Civic,2010,37571,6,NA,23272.870000000003
Ford Edge,2006,131471,5,57,18855.870000000003
Mercedes-Benz S-Class,2017,138431,8,24,18697.07
Audi A8,2012,94315,1,21,13070.55
Honda Odyssey,2017,10258,10,32,25242.260000000002
Tesla Model 3,2010,98063,8,28,18758.11
Toyota Avalon,2020,99998,8,19,19850.059999999998
Ford Escape,2016,61049,7,23,19868.53
BMW X5,2012,78500,1,39,16245
Honda Passport,2018,64826,7,57,25355.22
Chevrolet Impala,2010,117107,10,17,18036.79
Honda Insight,2016,61042,8,42,23468.739999999998
Toyota Sienna,2013,135554,7,31,21083.38
Chevrolet Corvette,2020,137691,3,23,15569.27
Audi TT,2021,101877,4,27,18243.690000000002
Toyota Avalon,2008,74444,3,23,17466.68
Chevrolet Equinox,2012,121051,1,40,15118.470000000001
Honda Fit,2016,115986,6,55,22270.42
Tesla Cybertruck,2010,124140,1,30,13025.8
Chevrolet Malibu,2015,64010,8,26,20729.7
Ford Mustang,2020,8908,3,47,23032.760000000002
Ford F-150,2012,142540,3,19,12823.8
Ford Fiesta,2023,129887,1,32,16403.39
Chevrolet Malibu,2002,127824,1,25,10165.28
Ford Fusion,2010,97023,2,34,15189.31
Audi A8,2010,55871,9,17,19123.870000000003
Honda Fit,2024,148838,9,20,20284.86
Ford Ranger,2018,33834,1,57,21784.98
Audi %Q7,2011,96059,9,45,22368.23
Honda Fit,2009,120904,9,32,19172.88
Honda Civic,2019,132001,8,54,23889.97
Tesla Roadster,2007,102450,NA,48,20876.5
Toyota Yaris,2019,70837,3,43,20324.89
Tesla Model S,2008,NA,2,50,16514.809999999998
Chevrolet Impala,2008,70065,2,NA,14148.05
Ford Escape,2013,80315,2,21,14490.55
Ford Edge,2010,108848,6,32,17534.559999999998
Tesla Model 3,2017,149001,NA,49,22879.97
BMW 3 Series,2004,71174,1,38,14314.78
Toyota Sienna,2004,139908,8,32,19602.760000000002
Audi A8,2022,129649,10,33,23060.53
Tesla Roadster,2015,40428,2,58,21737.16
Honda HR-V,2003,32678,3,35,16269.66
Audi A8,2005,128241,1,57,15702.77
Chevrolet Traverse,2002,119874,7,39,17003.78
Audi A8,2022,142695,5,45,20719.15
"Ford Ed""ge",2011,141587,10,57,23552.39
Toyota Avalon,2022,23010,5,21,20709.7
Toyota Yaris,2007,136870,7,NA,23293.9
Honda Insight,2004,73001,9,56,22959.97
Toyota Sienna,2013,NA,5,NA,NA
Chevrolet Malibu,2002,18604,2,16,12841.88
Ford Mustang,2013,114156,9,20,18575.32
BMW 5 Series,2014,122438,8,24,18426.86
Ford Mustang,2019,27219,10,52,28233.43
Toyota Corolla,2002,70376,10,NA,26138.72
Honda Pilot,2010,106593,1,33,14002.21
BMW 5 Series,2003,NA,10,43,20788.71
Ford Explorer,2004,112931,NA,19,12462.07
Toyota Yaris,2023,92357,7,54,25329.29
Ford Mustang,2002,10018,NA,28,17899.46
Chevrolet Corvette,2024,64810,4,24,19655.7
Toyota !Prius,2019,137565,4,49,19973.05
Audi TT,2006,59426,1,51,17117.22
Toyota Corolla,2011,11673,6,NA,25649.809999999998
Tesla Model S,2012,108332,5,26,16400.04
Ford Escape,2020,19538,1,15,16413.86
Tesla Model S,2017,97492,8,31,20975.239999999998
Tesla Model S,2016,87058,8,29,NA
Chevrolet Tahoe,2008,121868,NA,33,16043.96
Mercedes-Benz S-Class,2017,109746,1,26,14607.62
BMW 3 Series,2019,73368,4,17,17098.96
Toyota Tacoma,2020,22785,7,53,26516.45
Chevrolet Equinox,2005,106442,4,41,16206.74
Chevrolet Camaro,2020,67730,8,45,24718.1
Honda Ridgeline,2004,145003,10,54,21249.91
Honda Ridgeline,2003,124449,10,18,16216.53
Chevrolet Equinox,2014,11571,8,47,25202.870000000003
Honda CR-V,2005,NA,4,31,16706.93
Ford Explorer,2021,24270,3,22,19071.9
Chevrolet Impala,2023,88177,2,34,18704.690000000002
BMW 3 Series,2007,7319,7,45,22530.43
Ford Mustang,2004,69200,9,23,18124
Tesla Semi,2022,23840,1,56,22934.8
Honda CR-V,2022,83746,1,32,17537.62
Ford Explorer,2009,121251,3,55,18112.47
Ford Taurus,2006,30592,9,51,23982.239999999998
Chev^rolet Suburban,2006,12895,9,38,22563.15
Honda Passport,2020,20772,8,51,27026.84
Chevrolet Impala,2013,106693,7,24,17899.21
Honda Passport,2008,127318,4,25,NA
Ford Taurus,2015,18441,5,32,20746.77
Chevrolet Camaro,2018,96505,4,33,18554.85
Chevrolet Silverado,2003,101485,10,33,19155.45
Honda Accord,2018,134551,3,54,19813.47
Mercedes-Benz C-Class,2012,13482,6,NA,19845.54
Tesla Model Y,2015,106616,4,57,21101.52
Tesla Model 3,2009,NA,10,47,23912.010000000002
Honda% HR-V,2002,95270,9,NA,22391.9
Honda Insight,2003,38970,6,55,21330.9
Tesla Model X,2011,53695,3,20,15389.15
Chevrolet Suburban,2003,73754,3,31,14437.380000000001
Tesla Roadster,2007,52009,9,56,24339.73
Chevrolet Corvette,2014,90223,4,22,16093.31
Tesla Model X,2013,36202,5,27,18963.940000000002
Chevrolet Malibu,2004,102754,9,40,19667.38
Toyota 4Runner,2009,20377,8,60,28638.690000000002
Toyota Prius,2002,146557,8,54,22203.29
Chevrolet Silverado,2015,57290,9,16,20181.3
Honda Civic,2012,37456,5,25,18376.32
Toyota Sienna,2023,101464,7,52,24756.08
Toyota Prius,2012,118128,5,27,19256.16
Honda Passport,2009,43896,NA,28,15633.12
Chevrolet Equinox,2018,127364,10,53,25129.08
Hond£a Passport,2005,81134,3,25,13815.98
Honda Fit,2013,42469,2,57,21025.93
BMW X5,2016,23851,10,42,26084.47
Tesla Semi,2015,33502,9,31,23144.940000000002
"Audi ""Q5",2020,137351,7,38,20829.47
Ford Explorer,2012,52255,7,NA,21982.35
Audi A4,2018,30178,8,55,26844.66
Audi TT,2007,149946,10,47,20801.62
Toyota Yaris,2013,87738,10,37,25667.86
Chevrolet Volt,2020,109411,4,20,16717.67
Toyota Sienna,2022,139417,5,20,17067.489999999998
Chevrolet Tahoe,2018,123501,7,50,22544.97
Tesla Model S,2007,5985,1,51,18970.45
Chevrolet Traverse,2006,90679,5,44,18129.63
Tesla Model S,2018,145282,10,47,23691.54
Chevrolet Volt,2017,44238,5,36,21072.86
Honda Odyssey,2010,30019,9,23,NA
Toyota Corolla,2012,71201,1,NA,NA
Toyota Avalon,2006,11075,5,16,19317.75
Chevrolet Tahoe,2015,99880,3,33,16953.6
Toyota Avalon,2006,82985,3,37,18810.45
Honda Insight,2012,84481,1,53,18165.57
Toyota Avalon,2014,126440,8,21,17856.8
Honda Passport,2021,107871,5,23,18213.870000000003
Tesla Model 3,2005,91484,1,38,13955.48
BMW 3 Series,2005,NA,7,33,17571.38
Ford Ranger,2012,86799,3,60,20646.03
Chevrolet Suburban,2022,NA,9,36,26170.690000000002
Ford Fiesta,2021,55509,7,NA,22784.73
Toyota Sienna,2007,98105,9,59,26406.85
Toyota Yaris,2011,56536,6,23,NA
Chevrolet Traverse,2021,99642,NA,56,21910.739999999998
Audi A4,2018,114820,5,56,22205.4
Tesla Model S,2012,78792,9,46,23286.239999999998
Audi Q7,2009,96844,5,50,19594.68
Toyota Camry,2022,27094,1,25,18187.18
BMW 5 Series,2006,112451,5,58,19576.47
Tesla Model Y,2020,16551,6,38,23703.47
Ford Mustang,2012,89513,9,50,23564.61
Toyota 4Runner,2002,36524,8,36,22804.28
Toyota Corolla,2003,122777,10,25,20316.690000000002
Toyota Corolla,2013,123050,NA,52,20108.5
Chevrolet Impala,2015,126052,7,28,18418.440000000002
Honda Passport,2004,90609,5,27,NA
Audi A4,2017,91582,4,59,22352.54
Honda Accord,2021,110056,3,15,15448.32
Honda Passport,2005,94592,6,NA,20162.239999999998
Ford Fiesta,2005,88112,7,57,21406.64
Toyota Tacoma,2002,136469,6,33,17855.93
Ford Fusion,2018,33407,NA,23,20447.79
Chevrolet Camaro,2022,38766,5,34,NA
BMW X5,2005,NA,NA,47,16905.92
Chevrolet Malibu,2018,72147,8,55,25585.59
Toyota Tacoma,2008,NA,2,28,17917.760000000002
Honda HR-V,2006,139225,9,19,15923.25
BMW 5 Series,2010,136976,7,44,NA
Toyota Prius,2007,41987,2,55,22240.39
Audi A8,2010,87401,7,54,22227.97
Honda HR-V,2004,89409,10,19,17667.73
Ford Mus$tang,2010,46321,6,44,21210.370000000003
BMW X5,2018,80027,8,37,22649.190000000002
Toyota Prius,2004,101062,6,48,21668.14
Te!sla Semi,2007,67185,NA,44,22084.45
Audi !A4,2019,67705,9,42,24768.85
Audi A8,2018,103219,9,31,21803.43
Ford Escape,2014,77768,5,58,22616.96
Toyota Tacoma,2013,NA,6,54,26962.989999999998
Mercedes-Benz C-Class,2016,120464,7,42,20936.08
Toyota Highlander,2011,95015,8,23,21349.55
Toyota 4Runner,2022,14417,9,29,25167.489999999998
Mercedes-Benz E-Class,2017,96225,5,20,17113.25
Ford Explo!rer,2002,102074,2,19,10787.78
Tesl%a Cybertruck,2007,6681,8,43,22999.57
Chevrolet Malibu,2016,21401,NA,46,26007.97
Audi R8,2023,9466,2,47,23016.02
Chevrolet Malibu,2009,NA,8,29,17411.37
BMW 3 Series,2002,37799,8,36,19766.03
Toyota Camry,2007,111863,10,16,20294.11
Chevrolet Camaro,2018,38139,5,19,18955.83
Audi R8,2023,25304,10,31,NA
Tesla Model Y,2007,47753,1,34,15167.41
Tesla R£oadster,2006,98114,7,56,21206.58
Ford Fiesta,2010,16662,4,NA,17450.14
Tesla Model S,2011,94920,NA,15,16402.4
Honda Pilot,2004,58165,5,17,14555.05
Honda HR-V,2010,63979,6,25,17830.63
Chevrolet Suburban,2022,119480,7,46,23065.6
Toyota Yaris,2024,16008,1,25,19019.760000000002
Toyota Sienna,2019,113231,3,44,19203.07
Toyota Avalon,2023,133691,4,51,21389.27
Mercedes-Benz E-Class,2024,53959,2,43,21331.23
Ford Taurus,2020,93739,1,54,20037.83
Audi A8,2007,77894,8,44,21013.18
Toyota Camry,2007,34177,4,29,20074.690000000002
Tesla Model Y,2009,130812,7,35,17825.64
Ford Ranger,2005,98395,5,29,15398.15
BMW X5,2023,32013,5,32,22339.61
Ford Fusion,2018,82946,10,48,25711.62
Honda Insight,2021,109079,NA,53,24927.63
BMW X5,2007,131221,6,43,NA
Ford Escape,2008,15965,9,21,20421.05
Ford Fiesta,2008,130469,5,35,16085.93
Honda Odyssey,2012,124699,9,45,21759.03
Ford Taurus,2022,61863,4,23,19094.11
Toyota Camry,2002,92531,9,17,19024.07
Audi Q7,2020,121408,7,58,24307.760000000002
Ford Escape,2009,108744,4,33,15937.68
Chevrolet Volt,2018,80174,3,33,18294.78
Toyota Prius,2015,149373,1,19,11868.810000000001
Toyota 4Runner,2008,108642,7,37,21540.739999999998
Honda Ridgeline,2004,95044,4,18,12848.68
Audi R8,2002,15453,6,NA,21786.41
Chevrolet Volt,2016,71733,5,35,19848.010000000002
Honda Ridgeline,2024,116971,9,39,24090.870000000003
Honda Passport,2015,9001,5,45,22979.97
Audi Q7,2013,NA,1,19,15493.48
Ford F-150,2018,10167,3,18,18144.989999999998
Honda Pilot,2009,6552,8,20,20053.440000000002
Honda HR-V,2002,121874,7,53,19043.78
Ford Explorer,2023,80465,4,33,20286.05
Tesla Cybertruck,2003,96277,6,50,18861.690000000002
Chevrolet Traverse,2006,17602,4,47,20021.940000000002
Ford Escape,2014,145515,NA,43,19834.55
Chevrolet Cam^aro,2020,48825,1,31,17935.25
Audi Q7,2021,51923,1,37,18992.309999999998
Tesla Model S,2023,47383,8,52,27128.510000000002
BMW 3 Series,2010,83619,2,16,12891.43
Mercedes-Benz E-Class,2017,51022,4,41,20869.34
Audi R8,2022,98698,4,22,17839.059999999998
Honda Passport,2002,62258,2,NA,NA
BMW 3 Series,2018,27264,3,24,18532.08
Audi A6,2019,17053,1,18,16688.41
Ford Fiesta,2011,30501,1,44,18184.97
Honda Fit,2010,5361,1,53,20039.17
Chevrolet Tahoe,2012,25024,3,38,19199.28
Audi A4,2002,49288,NA,47,16571.36
Chevrolet Camaro,2003,49991,7,38,NA
Tesla Model 3,2012,119081,3,57,19227.57
Honda Fit,2018,119301,5,44,20270.97
Ford F-150,2015,7690,8,59,27369.3
Toyota Highlander,2019,37876,2,55,22363.72
Audi A6,2015,67158,4,19,16585.260000000002
Honda Accord,2021,91208,2,NA,16013.76
Audi A8,2009,114750,1,21,11707.5
BMW 5 Series,2006,107040,6,38,17488.8
Honda Pilot,2010,96278,7,27,17911.66
Chevrolet Suburban,2011,87470,7,49,NA
Tesla Semi,2018,43162,8,27,22255.14
Mercedes-Benz S-Class,2021,32950,2,23,18211.5
Chevrolet Corvette,2008,131496,4,17,12605.12
Tesla Cybertruck,2023,138310,4,27,17650.7
Audi Q5,2013,58126,4,45,20256.22
Tesla Semi,2012,56232,6,36,20213.04
Toyota Highlander,2019,144776,6,57,22456.72
Toyota Tacoma,2013,41254,8,34,25112.38
Toyota 4Runner,2008,118663,10,15,NA
Ford Ranger,2004,123531,3,35,13794.07
Chevrolet Impala,2015,50429,NA,46,22637.13
Mercedes-Benz C-Class,2019,111922,10,22,21192.34
Chevrolet Corvette,2017,14487,5,42,22865.39
Chevrolet Suburban,2018,132239,2,38,16732.83
Audi A6,2007,28307,NA,53,21600.79
BMW 3 Series,2007,128406,8,57,21447.82
Mercedes-Benz S-Class,2005,46256,6,29,17712.32
Toyota Tacoma,2022,15199,6,16,20944.03
Ford Taurus,2006,23890,2,32,16083.3
Toyota Camry,2015,102072,5,42,19737.84
Tesla Model X,2011,110582,8,44,21032.54
Audi A4,2009,33139,10,53,25705.83
Honda Passpo$rt,2023,42538,9,50,27723.86
Ford Fiesta,2011,90197,5,60,21794.09
Audi Q7,2024,24398,1,60,24018.059999999998
Chevrolet Silverado,2015,9766,9,25,22957.02
Audi TT,2016,38994,2,40,19330.18
Chevrolet Tahoe,2020,101120,2,46,19366.4
Toyota Avalon,2002,145153,4,26,15045.41
Tesla Cybertruck,2003,145707,8,30,15878.79
Toyota RAV4,2016,137873,8,16,17263.81
Ford Escape,2011,41052,3,18,15468.44
Toyota Yaris,2006,144725,4,42,NA
Ford Mustang,2006,118631,1,46,14591.07
Audi R8,2024,55532,2,45,21584.04
Ford Ranger,2018,97450,10,45,24826.5
Toyota Camry,2018,92568,2,23,15672.96
Ho^nda Civic,2019,48066,8,47,25358.02
Audi TT,2003,90547,5,31,15433.59
Ford Edge,2012,105936,5,54,20671.92
Audi A4,2006,97010,1,57,16889.7
Honda CR-V,2018,25718,6,38,22928.46
Ford Ranger,2015,97821,1,56,18965.37
Mercedes-Benz E-Class,2004,NA,3,NA,13599.34
Ford Fiesta,2011,122911,3,31,14962.67
Chevrolet Corvette,2014,NA,9,49,24914.48
Toyota Sienna,2020,75567,NA,38,21182.989999999998
Audi Q7,2003,145947,9,42,18421.59
Ford Escape,2018,70679,2,47,NA
Chevrolet Traverse,2010,113368,8,26,17998.96
Audi A6,2020,24948,2,30,19251.559999999998
Ford Escape,2019,43623,2,NA,21441.309999999998
Tesla Semi,2010,84912,8,48,22152.64
Honda HR-V,2023,51356,1,32,18759.32
Chevrolet Volt,2015,NA,7,30,20166.12
BMW 5 Series,2016,131044,NA,26,13718.68
Chevrolet Equinox,2007,123526,5,21,13944.220000000001
Honda HR-V,2009,91147,2,29,14365.59
Tesla !Semi,2021,24502,1,25,18014.940000000002
Toyota Avalon,2003,88779,4,17,15636.630000000001
Ford Focus,2002,120402,1,25,10387.94
Ford Fu%sion,2019,109934,4,42,19751.98
Toyota Camry,2008,138149,2,19,14205.529999999999
Tesla Semi,2008,104024,9,46,21529.28
Toyota Avalon,2005,77394,8,31,21578.18
Ford$ Mustang,2006,79711,6,50,NA
BMW 3 Series,2012,107866,5,24,16114.02
Audi Q7,2011,111798,8,36,19796.059999999998
Audi A4,2012,74038,8,28,19978.86
Ford Fiesta,2002,NA,9,18,16314.56
Audi A4,2011,98043,NA,35,17058.71
Mercedes-Benz E-Class,2024,86872,10,58,28593.84
BMW 5 Series,2022,39760,8,32,24107.2
Ford Edge,2013,143113,5,51,19356.61
Chevrolet Tahoe,2008,118875,9,35,19433.75
Tesla Model Y,2006,70331,6,47,19940.07
Chevrolet Camaro,2019,101565,7,25,19703.05
Audi A8,2009,68398,7,37,19998.059999999998
Honda CR-V,2016,96810,6,NA,19095.7
Audi A4,2008,12980,3,39,18710.6
Chevrolet Silverado,2015,19710,7,21,20558.7
Honda Pilot,2011,122036,7,34,18438.92
Ford F-150,2017,130220,3,42,17893.4
Audi Q5,2004,92043,9,42,20288.71
Honda Insight,2023,113643,8,50,24840.71
Mercedes-Benz C-Class,2024,67701,10,56,NA
Honda CR-V,2012,101726,3,20,14198.220000000001
Mercedes-Benz E-Class,2004,96060,3,37,14918.2
To£yota Camry,2009,118699,3,43,16389.03
Audi Q5,2018,8862,NA,48,27184.14
Chevrolet Malibu,2023,24847,2,32,20304.59
Audi Q5,2014,78198,4,23,16604.059999999998
Audi R8,2016,47274,2,59,21931.78
Aud$i A4,2013,NA,NA,18,12528.58
BMW X5,2010,54545,2,24,14963.65
Mercedes-Benz E-Class,2020,122722,8,16,18718.34
BMW 3 Series,2020,29430,10,28,NA
Ford Explorer,2007,142105,7,55,19986.85
Chevrolet Malibu,2014,NA,6,NA,22545.95
Honda Passport,2010,45039,2,43,18098.83
Chevrolet Silverado,2012,129719,6,57,21158.43
Ford Mus!tang,2015,103582,8,29,19992.54
Chevrolet Traverse,2020,75317,6,60,25240.489999999998
Mercedes-Benz C-Class,2022,20294,4,44,23491.18
Toyota A!valon,2024,69073,NA,15,19677.809999999998
Toyota RAV4,2019,NA,10,36,22699.72
Honda Fit,2023,76163,3,39,NA
Tesla Roadster,2022,69438,10,16,22316.86
Ford Edge,2014,23105,1,53,20506.85
Chevrolet Traverse,2013,120753,9,25,19127.41
Chevrolet Equinox,2020,65633,5,47,22831.010000000002
Chevrolet Impala,2013,131264,1,55,17312.08
Honda Accord,2022,117533,2,47,19524.010000000002
Toyota Tacoma,2021,24442,5,15,19516.739999999998
Mercedes-Benz E-Class,2005,121696,8,59,21449.120000000003
Honda Accord,2024,102665,1,55,20920.05
Honda Insight,2017,132446,3,54,NA
Audi R8,2018,69187,10,20,21924.39
Chevrolet Malibu,2013,118413,4,31,16347.61
Tesla Model Y,2003,90838,5,51,18424.86
BMW X5,2006,50106,8,NA,20096.82
Audi A8,2020,90710,1,36,17428.7
Chevrolet Impala,2014,110735,6,57,22227.95
Tesla Cybertruck,2008,56430,4,52,20107.1
Ford Ranger,2006,120037,8,43,19348.89
Honda Pilot,2008,63527,NA,45,23344.190000000002
Mercedes-Benz S-Class,2017,87509,4,29,17974.73
Honda Passport,2013,10029,8,59,26799.129999999997
Honda CR-V,2012,26211,4,45,20963.67
Chevrolet Corvette,2020,46628,10,NA,25051.16
Chevrolet Volt,2007,148126,2,48,15006.220000000001
Toyota Sienna,2013,41331,2,32,20310.07
Honda Odyssey,2014,61320,3,37,18460.4
Mercedes-Benz E-Class,2007,136649,1,58,16100.529999999999
Audi TT,2011,61991,9,NA,25340.27
Audi TT,2009,7462,8,41,23176.14
Tesla Model X,2011,28934,5,30,NA
Honda CR£-V,2007,79296,5,18,14821.119999999999
Honda Odyssey,2020,87857,3,57,22164.29
Chevrolet Camaro,2024,64379,8,39,24918.63
Tesla Roadster,2018,116641,4,33,17950.77
Ford Ranger,2023,71771,4,57,24146.87
Toyota Highlander,2022,42868,3,20,18463.96
Mercedes-Benz E-Class,2003,15827,4,47,19325.190000000002
Chevrolet Camaro,2024,10339,9,53,29389.83
Tesla Roadster,2020,133382,5,25,17498.54
Ford Explorer,2020,84446,9,59,27066.62
Chevrolet Suburban,2021,111477,1,31,16305.69
Chevrolet Malibu,2014,145493,2,24,13235.21
Chevrolet Tahoe,2002,127797,1,54,14516.09
Tesla Roadster,2007,38640,10,32,21890.8
Honda Odyssey,2006,108963,4,46,NA
Honda HR-V,2019,103870,10,34,23233.9
Honda Odyssey,2008,61860,1,15,12144.2
Toyota Sienna,2018,116476,10,30,22005.72
Honda CR-V,2016,123005,5,58,21759.85
Audi A8,2006,88052,3,36,15508.44
Chevrolet Tahoe,2006,107925,10,46,21662.25
Ford Fiesta,2014,88945,6,33,19281.65
Tesla Road!ster,2009,87717,10,38,21818.489999999998
Chevrolet Tahoe,2020,133344,5,19,NA
Tesla Model 3,2002,63073,1,43,14807.810000000001
Ford Ranger,2005,51751,2,33,15147.47
Ford Focus,2019,114043,2,49,19178.71
Toyota Tacoma,2005,NA,10,56,26492.6
Audi Q5,2009,77449,1,51,17326.53
Ford Mustang,2022,73571,4,29,19642.87
Chevrolet Traverse,2023,26239,10,23,24912.83
Toyota RAV4,2024,119860,7,53,24604.2
Toyota Prius,2024,78034,7,35,23158.98
Honda Odyssey,2005,120255,2,43,14592.35
Ford Ranger,2019,134381,5,20,16468.57
Tesla Model 3,2015,128695,1,15,11889.15
Ford Ranger,2013,88261,1,60,19352.17
Audi TT,2012,92831,10,40,22715.07
Ford Taurus,2012,9904,7,33,21902.879999999997
Audi A6,2018,55495,5,24,19185.15
Chevrolet Malibu,2024,67113,5,29,21086.61
Ford Explorer,2003,82244,3,57,18082.68
Chevrolet Traverse,2011,12513,2,28,17074.61
Ford Mustang,2023,123705,NA,44,20638.85
Ford Focus,2005,140312,8,27,16090.64
Ford Taurus,2007,134281,6,57,19771.57
Audi Q7,2011,117485,7,53,21425.45
Ford Edge,2020,106048,9,55,25818.559999999998
Toyota Corolla,2007,136516,4,45,19404.52
Honda Insight,2010,148357,10,29,18899.29
Toyota Avalon,2017,57598,9,49,25622.059999999998
Toyota RAV4,2014,70813,8,50,23875.61
Mercedes-Benz S-Class,2010,16171,9,NA,21964.870000000003
Toyota Tacoma,2008,112169,10,45,24884.93
Ford Edge,2020,65670,7,26,21179.9
Chevrolet Cam£aro,2011,75062,8,34,20598.14
Tesla Roadster,2019,115727,7,32,20328.190000000002
Toyota Prius,2009,97313,6,27,19880.61
Honda Fit,2017,92043,6,46,NA
Honda Ridgeline,2016,145409,5,25,16137.73
Toyota Corolla,2019,61846,3,NA,22844.620000000003
Toyota Avalon,2018,111492,7,56,23805.239999999998
Ford Fiesta,2017,11816,9,26,23545.52
Honda Passport,2006,44424,3,26,15317.28
Tesla Model 3,2024,149499,5,34,19365.03
Toyota Prius,2004,34014,6,59,25329.58
Ford Ranger,2007,81355,9,22,18359.35
Ford Edge,2020,104765,4,42,20157.05
Audi TT,2012,50138,8,29,20845.86
Toyota Highlander,2012,145321,9,18,20090.37
Toyota 4Runner,2013,131633,8,20,20301.010000000002
BMW 5 Series,2002,109963,7,30,15951.11
Tesla Model X,2009,29151,2,NA,16375.47
Chevrolet Suburban,2008,127593,10,59,23522.21
Audi A4,2016,100701,6,NA,17028.97
Honda CR-$V,2006,128906,9,31,18032.82
Mercedes-Benz C-Class,2004,104877,3,15,11353.69
Chevrolet Equinox,2008,81317,3,53,18760.489999999998
Ford Escape,2014,146068,2,54,17717.96
Ford Edge,2021,18898,6,31,22833.059999999998
Ford F-150,2010,18293,3,35,18451.21
Ford Fiesta,2022,92183,9,52,26284.510000000002
Toyota Sienna,2013,42556,6,31,23123.32
BMW 3 Series,2015,58304,7,57,24800.88
Ford Ranger,2008,83927,1,31,NA
Audi A8,2010,90328,1,28,13740.16
Ford Explorer,2024,12907,NA,40,28112.79
Tesla Model Y,2005,5953,8,45,22821.41
Audi A8,2020,90121,8,35,22546.37
Tesla Cybertruck,2010,75436,7,19,17336.92
Chevrolet Corvette,2003,6650,3,20,14800.5
Toyota RAV4,2018,104053,NA,NA,16378.41
Honda HR-V,2013,132725,6,58,21468.25
Ford Escape,2015,54884,1,25,15603.48
Ford Taurus,2011,92984,1,56,18110.48
Chevrolet Malibu,2008,8248,10,33,23202.559999999998
Audi A6,2017,37367,10,33,24578.989999999998
Tesla Cybertruck,2003,17151,3,28,15685.47
Toyota 4Runner,2011,114943,9,17,20601.71
Chevrolet Corvette,2020,9435,5,31,22116.95
Chevrolet Silverado,2003,84790,7,51,20106.3
Ford Focus,2022,NA,10,25,24767.739999999998
Honda HR-V,2009,111766,9,15,16897.02
Audi A6,2002,131484,2,26,10955.48
Honda Passport,2002,64742,2,60,18057.739999999998
Ford F-150,2016,117954,3,29,16061.380000000001
Mercedes-Benz E-Class,2019,12647,8,31,24020.59
Honda Odyssey,2004,48006,10,21,19209.82
Mercedes-Benz C-Class,2017,12072,8,42,25187.84
Toyota Camry,2005,24312,7,39,23620.64
Ford Fusion,2008,86815,6,22,16195.55
Audi Q5,2003,133164,6,56,18655.08
Chevrolet Camaro,2015,105227,8,25,19343.190000000002
Toyota 4Runner,2005,120948,7,44,21471.559999999998
Chevrolet Equinox,2018,53884,4,18,17583.48
Chevrolet Malibu,2020,57582,7,48,24722.54
Chevrolet Suburban,2024,32415,9,39,26627.55
Ford Fusion,2009,97728,5,22,15368.16
Honda CR-V,2020,97173,5,38,20534.809999999998
Tesla Model 3,2008,128817,9,21,17035.489999999998
Honda Fit,2013,136723,2,NA,16698.31
Audi R8,2003,79187,1,49,15474.39
BMW 5 Series,2019,148281,5,22,16351.57
Honda Ci^vic,2017,123522,3,17,14344.34
Ford Fusion,2024,134052,7,36,21628.440000000002
Audi R8,2018,34527,8,45,25214.190000000002
Toyota Prius,2012,40560,7,NA,23233.2
Ford Mustang,2003,147306,4,28,12530.82
Audi Q5,2015,55138,2,53,20545.86
Toyota Yaris,2018,144847,7,43,20854.59
Ford F-150,2023,NA,3,18,16812.559999999998
Tesla Model S,2014,13422,6,47,23647.34
Tesla Semi,2023,112499,9,51,25775.03
Honda CR-V,2024,NA,NA,28,NA
Audi Q5,2010,122395,7,15,NA
Ford Ranger,2016,113885,1,49,17683.45
Ford Focus,2004,132437,7,43,17726.89
Audi R8,2007,137097,2,35,13387.09
Toyota Camry,2011,130788,2,35,17576.36
Chevr$olet Corvette,2013,116708,5,38,18198.760000000002
Toyota Camry,2016,39590,8,32,22612.3
Toyota Highlander,2010,24047,8,NA,27428.59
Toyota Highlander,2016,98701,10,22,20838.97
Audi TT,2005,30137,6,43,20295.89
Audi R8,2010,85820,10,53,24375.4
Tesla Model S,2006,NA,10,25,19647
Toyota Highlander,2015,NA,5,16,17377.77
Toyota Highlander,2018,16999,5,51,24390.03
Audi A6,2003,124542,2,28,11713.74
Tesla Model Y,2020,104915,9,28,21802.55
Tesla Model 3,2006,104657,4,26,14260.29
Honda Fit,2012,36241,5,18,17362.77
Chevrolet Camaro,2002,105669,6,22,14129.93
Ford Explorer,2008,48261,1,43,16752.17
Ford Edge,2016,88289,8,53,24301.33
Ford F-150,2006,42224,2,33,15683.28
Audi R8,2024,NA,7,40,24872.46
Chevrolet Traverse,2012,79402,9,26,20267.940000000002
Audi A8,2017,27654,4,30,19920.379999999997
Chevrolet Corvette,2011,30542,4,20,16833.739999999998
Honda Pilot,2003,121903,8,47,19142.91
Chevrolet Tahoe,2007,42760,7,NA,17567.2
Ford F-150,2013,25188,7,38,22444.36
Ford Explorer,2020,118146,8,24,20055.620000000003
Toyota Camry,2013,79069,10,38,26077.93
Ford Fiesta,2004,34241,8,49,22322.77
Honda Insight,2009,32343,9,33,21979.71
Honda CR-V,2024,14254,7,51,27472.379999999997
Ford Fusion,2014,60104,4,59,22546.88
Honda Pilot,2017,141507,10,21,19654.79
Chevrolet Volt,2003,23145,1,42,16105.65
Honda Fit,2014,13815,7,21,20485.55
Toyota Camry,2014,60746,1,56,19827.620000000003
Ford Fiesta,2022,21400,5,28,21808
Toyota Highlander,2007,71186,2,47,20164.42
Audi A4,2020,12505,7,34,23974.85
Mercedes-Benz S-Clas£s,2012,97403,7,15,16577.91
Chevrolet Impala,2013,20253,7,51,24542.41
Ford Fiesta,2012,NA,5,22,14765.58
Tesla Roadster,2002,85319,NA,30,16690.43
Mercedes-Benz E-Class,2009,44818,1,33,NA
Honda Pilot,2002,46840,3,NA,NA
Chevrolet Equinox,2009,48461,3,40,18046.17
BMW X5,2013,99795,9,42,22306.15
Ford Fiesta,2009,22035,4,19,16438.95
Ford Ranger,2017,11464,1,34,18756.08
Tesla Model Y,2011,35687,5,32,19229.39
Tesla Model S,2016,55755,1,48,NA
Chevrolet Volt,2011,69686,3,48,19109.42
Chevrolet Suburban,2009,116916,NA,NA,18692.52
Ford Edge,2009,86348,2,32,14959.56
Chevrolet Tahoe,2003,110469,9,41,19335.93
Toyota Sienna,2015,17790,4,NA,21966.3
Toyota Avalon,2019,101105,2,NA,20766.85
Chevrolet Malibu,2012,101302,NA,51,20360.940000000002
Chevrolet Corvette,2003,105299,4,58,18291.03
Ford Fiesta,2020,67204,5,17,18283.88
Tesla Roadster,2017,144810,3,NA,17605.7
Ford Fiesta,2003,6296,8,21,18711.120000000003
Ford Mustang,2010,21803,10,36,23745.91
Toyota Highlander,2024,NA,7,33,23540.370000000003
Honda CR-V,2006,145356,7,39,17239.32
Tesla Sem^i,2007,97347,5,54,19679.59
Chevrolet Traverse,2019,122888,7,31,19963.36
Chevrolet Equinox,2018,95504,7,21,19034.88
Ford Mustang,2013,99356,2,39,16619.32
Ford Escape,2016,99064,7,40,21278.08
Tesla Cybertruck,2003,104815,NA,29,15455.55
Mercedes-Benz $E-Class,2015,132000,1,60,18540
Tesla Semi,2003,76460,1,NA,12256.2
Audi A4,2017,82235,4,18,16482.95
Ford Taurus,2016,83226,7,32,20553.22
Honda CR-V,2011,139690,4,40,16559.3
"Honda F""it",2022,137764,5,15,16367.08
Toyota Highlander,2004,30200,2,52,21394
Honda Accord,2003,132379,9,24,16128.630000000001
BMW 3 Se%ries,2012,80874,3,48,19023.78
Ford Ranger,2009,75917,4,55,20222.489999999998
Honda Insight,2017,51692,6,53,24149.239999999998
Tesla Model 3,2010,90503,2,39,16134.91
Honda Civic,2016,113404,1,40,16347.880000000001
Audi Q7,2014,71946,9,41,23241.62
BMW 3 Serie^s,2024,21579,7,52,27402.629999999997
Ford Taurus,2019,55298,7,23,20791.059999999998
Chevrolet Silverado,2016,123366,1,42,16349.02
Audi R8,2013,112150,7,44,NA
Tesla Model 3,2022,72350,NA,46,24479.5
Tesla Model X,2010,81745,10,51,24197.65
Audi R8,2004,143603,9,29,NA
Toyota Camry,2014,31532,10,22,22354.04
Ford F-150,2010,29988,7,35,21100.36
Ford Edge,2017,NA,6,27,17639.78
Audi R8,2006,116067,9,46,20667.989999999998
BMW X5,2009,15061,5,29,18898.17
Mercedes-Benz S-Class,2019,33652,5,18,19190.440000000002
Toyota Camry,2007,54609,8,47,25161.73
Audi Q5,2009,NA,1,19,13768.68
Chevrolet Malibu,2012,132861,2,54,17614.17
Toyota Camry,2012,49732,8,52,27308.04
Mercedes-Benz S-Class,2023,101811,4,32,19495.67
Mercedes-Benz C-Class,2007,109591,10,29,19312.27
Chevrolet Tahoe,2005,24532,8,53,23464.04
Honda Civic,2016,133213,8,34,20103.61
Ford Fiesta,2018,87092,10,29,22737.239999999998
Audi TT,2009,51492,9,40,22455.239999999998
BMW X5,2023,110358,3,15,15939.26
Ford Explorer,2012,15615,6,20,19031.55
Chevrolet Equinox,2023,23434,5,36,23196.98
"Chevro""let Silverado",2019,134659,1,24,14060.23
Mercedes-Benz C-Class,2015,75736,4,33,NA
Chevrolet Traverse,2013,93394,7,60,23698.18
Honda HR-V,2009,33271,1,26,14901.87
Toyota Corolla,2004,64618,9,37,23361.46
Ford Ranger,2011,73591,10,40,23042.27
Ford Mustang,2020,136051,9,36,22068.47
Mercedes-Benz E-Class,2013,135746,1,34,14027.62
Ford Escape,2015,36085,9,35,23667.45
Honda CR-V,2014,21612,10,33,24301.64
Toyota Sienna,2007,100875,6,29,19573.75
Chevrolet Volt,2024,136974,10,38,NA
Toyota RAV4,2008,25418,1,45,20737.46
Ford Edge,2022,19207,7,18,21873.79
Toyota Corolla,2022,26882,3,42,22243.54
Ford Ranger,2005,135765,3,30,12927.05
Chevrolet Tahoe,2011,102326,5,27,16480.22
Toyota Camry,2017,32970,1,58,21710.9
Tesla Model S,2024,7865,2,30,20764.05
Toyota Sienna,2017,58448,7,56,25146.559999999998
Ford Edge,2004,112276,1,32,12181.720000000001
Audi Q7,2020,94360,8,44,23769.2
Tesla Model Y,2020,55197,3,56,22994.09
Mercedes-Benz S-Class,2008,41586,6,NA,19652.42
Toyota 4Runner,2022,8362,9,21,24149.14
BMW 5 Series,2007,137034,1,34,12488.98
Chevrolet Traverse,2016,104851,3,25,15854.470000000001
Toyota Highlander,2003,76562,5,46,21103.14
Tesla Cybertruck,2015,22929,7,53,25262.129999999997
Toyota RAV4,2005,140037,2,43,16998.89
Honda Odyssey,2023,120276,10,56,27041.72
Honda Ridgeline,2023,8625,7,16,22141.25
Toyota Sienna,2011,22451,6,43,25026.47
Chevrolet Malibu,2006,60869,1,43,15873.93
BMW X5,2013,98930,4,60,21282.1
Toyota Yaris,2005,113904,4,47,19882.88
Toyota Avalon,2004,128609,4,59,20991.73
Honda Ridgeline,2008,45552,2,17,13683.44
Tesla Model S,2012,NA,4,30,17355.12
Ford Fiesta,2023,9616,8,23,23911.52
Audi A8,2016,43369,3,43,20398.93
Ford Taurus,2003,99171,NA,33,18474.87
Chevrolet Impala,2010,134920,8,22,16752.4
Toyota 4Runner,2014,99687,7,50,22259.39
Audi Q7,2012,137142,8,46,20785.739999999998
Audi Q7,2024,69704,4,NA,20858.88
BMW X5,2009,5115,6,21,18746.55
Toyota Yaris,2009,131592,NA,45,20802.239999999998
Tesla Model Y,2007,60265,3,36,16592.05
Tesla Model Y,2006,41592,8,47,22302.239999999998
"Hon""da HR-V",2010,82848,9,58,24464.559999999998
Honda Civic,2010,113553,8,45,20843.41
Honda Insight,2006,126837,8,37,18244.89
Audi R8,2017,88927,6,41,21232.190000000002
Chevrolet Camaro,2011,45547,4,NA,18333.59
Toyota Avalon,2002,130519,1,54,17434.43
Honda CR-V,2011,107077,3,26,14687.69
Tesla Model S,2003,122983,3,16,10710.51
Ford Fusion,2004,89761,3,25,13307.17
Ford Mustang,2014,127080,2,23,13637.6
Toyota Yaris,2008,138950,8,47,22881.5
Toyota Prius,2014,109682,4,NA,19859.54
